Date,Adj Close,Close,High,Low,Open,Volume,30d_MA,90d_MA,RSI,MACD,MACD_Signal,BB_MA,BB_Upper,BB_Lower,Typical_Price,Cumulative_TPV,Cumulative_Volume,VWAP
2024-11-11,415.57720947265625,418.010009765625,424.80999755859375,416.0,422.5199890136719,24503300,419.0270009358724,423.15855475531686,43.258582694626554,-0.6615550715437735,-0.6782544331686033,420.36900024414064,435.3372503862324,405.40075010204885,419.60666910807294,761463268956.4778,1801966200,422.5735582368181
2024-11-12,420.5679931640625,423.0299987792969,424.44000244140625,417.20001220703125,418.25,19401200,419.10500081380206,422.6784437391493,48.91827994610534,-0.3271749086022737,-0.6080385282553374,420.58350067138673,435.5763934748629,405.59060786791053,421.5566711425781,769641974244.6492,1821367400,422.56272635858596
2024-11-13,422.7253723144531,425.20001220703125,429.3299865722656,418.2099914550781,421.6400146484375,21502200,419.37400105794273,422.29688822428386,50.314972192215464,0.11163882478768983,-0.464103057646732,421.0375015258789,436.0111937248994,406.0638093268584,424.2466634114583,778764210850.655,1842869600,422.5823741683378
2024-11-14,424.4055480957031,426.8900146484375,428.1700134277344,420.0,425.0,30246900,419.7190012613932,421.85955505371095,49.13557924586215,0.5889815306067021,-0.2534861399960452,421.54600219726564,436.5929047856517,406.4990996088796,425.02000935872394,791619748571.7274,1873116500,422.621736860322
2024-11-15,412.5847473144531,415.0,422.79998779296875,413.6400146484375,419.82000732421875,28247600,419.6836680094401,421.41844380696614,43.03569431073213,0.0077647437734640334,-0.20123596324214335,421.3880020141602,436.64944255922495,406.1265614690954,417.14666748046875,803403140776.0487,1901364100,422.5403965374379
2024-11-18,413.34033203125,415.760009765625,418.3999938964844,412.1000061035156,414.8699951171875,24742000,419.89100138346356,420.9985551622179,39.70232447633674,-0.38706546111745865,-0.23840186281720643,421.23700256347655,436.6659333165471,405.808071810406,415.4200032552083,813681462496.5891,1926106100,422.44893077104587
2024-11-19,415.3585205078125,417.7900085449219,417.94000244140625,411.54998779296875,413.1099853515625,18133500,419.99366861979166,420.59666646321614,40.79441001507201,-0.5300571382690578,-0.2967329179075767,420.7510025024414,435.9587136495688,405.543291355314,415.75999959309894,821220646449.2106,1944239600,422.3865445643688
2024-11-20,413.0718688964844,415.489990234375,417.2900085449219,410.5799865722656,416.8699951171875,19191700,419.9280019124349,420.2185553656684,58.134549979982694,-0.8195243615139134,-0.4012912066288441,420.2955017089844,435.5634080142521,405.02759540371665,414.4533284505208,829174710392.8345,1963431300,422.30900077473274
2024-11-21,411.2887268066406,412.8699951171875,419.7799987792969,410.2900085449219,419.5,20780200,419.82900187174477,419.8779998779297,52.28185347113589,-1.2459780715638544,-0.5702285796158462,419.70250091552737,435.1652428987505,404.23975893230426,414.31333414713544,837784224339.0787,1984211500,422.2252639595521
2024-11-22,415.40289306640625,417.0,417.3999938964844,411.05999755859375,411.3699951171875,24814600,419.85166829427084,419.61833326551647,57.491231554944726,-1.236435966887882,-0.7034700570702533,419.14500122070314,434.1217207415514,404.16828169985484,415.15333048502606,848086088173.7324,2009026100,422.13791457150927
2024-11-25,417.1860656738281,418.7900085449219,421.0799865722656,414.8500061035156,418.3800048828125,27691100,419.8400014241536,419.4147779676649,56.5692883649285,-1.0720768161435785,-0.7771914088849184,418.7550018310547,433.3158808036243,404.1941228584851,418.24000040690106,859667613849.0,2036717200,422.0849187354042
2024-11-26,426.350830078125,427.989990234375,429.0400085449219,418.8500061035156,419.5899963378906,23458900,420.14833475748696,419.24866672092014,56.939750175718714,-0.19718632889583887,-0.6611903928871026,418.5570007324219,432.4550036668974,404.65899779794637,425.2933349609375,869644527664.5151,2060176100,422.12145246443504
2024-11-27,421.3699645996094,422.989990234375,427.2300109863281,422.0199890136719,425.1099853515625,18332400,420.37733459472656,419.00577765570745,47.822204935107955,0.0916559198469713,-0.5106211303402878,418.08000030517576,430.53911187100437,405.62088873934715,424.0799967447917,877418931796.8394,2078508500,422.1387267826133
2024-11-29,421.83819580078125,423.4599914550781,424.8800048828125,417.79998779296875,420.0899963378906,16271900,420.6020009358724,418.9453331841363,50.85819242686319,0.35440528994541864,-0.3376158462831465,418.9354995727539,430.3053942689462,407.56560487656157,422.0466613769531,884286432866.099,2094780400,422.1380116341069
2024-12-02,429.3293762207031,430.9800109863281,433.0,421.30999755859375,421.57000732421875,20207200,421.0293345133463,419.08511115180124,61.45961130168475,1.1561118497525626,-0.038870307076004675,419.96600036621095,431.79386800843145,408.13813272399045,428.4300028483073,892943803619.6553,2114987600,422.19812712833647
2024-12-03,429.5485534667969,431.20001220703125,432.4700012207031,427.739990234375,429.8399963378906,18302000,421.4433349609375,419.1510002983941,57.88762545984018,1.7886044159281482,0.3266246375248259,421.1030014038086,432.6421978125312,409.563804995086,430.4700012207031,900822265581.9966,2133289600,422.2690935079778
2024-12-04,435.7447204589844,437.4200134277344,439.6700134277344,432.6300048828125,433.0299987792969,26009400,421.77366841634114,419.2697781032986,60.94196692802963,2.759946502008688,0.8132890104215984,422.40100250244143,435.1498980899625,409.65210691492035,436.57334391276044,912177276313.1611,2159299000,422.44139246725956
2024-12-05,440.9248046875,442.6199951171875,444.6600036621094,436.1700134277344,437.9200134277344,21697800,422.37433471679685,419.48866678873696,63.25187090378253,3.904330476278801,1.431497303593039,423.5230026245117,439.08770764350095,407.9582976055225,441.15000406901044,921749260871.4497,2180996800,422.62751640509043
2024-12-06,441.87115478515625,443.57000732421875,446.1000061035156,441.7699890136719,442.29998779296875,18821000,423.00233459472656,419.7688890245226,79.50835277059825,4.8322182620794365,2.1116414952903186,424.4300033569336,442.3921154169035,406.46789129696367,443.81333414713544,930102271633.433,2199817800,422.80877608747096
2024-12-09,444.311767578125,446.0199890136719,448.3299865722656,440.5,442.6000061035156,19144400,423.59800109863284,420.0901112874349,80.19957640875762,5.699567992425727,2.8292267947174006,425.60400238037107,445.95625769048837,405.25174707025377,444.9499918619792,938620572257.6355,2218962200,422.99980245613716
2024-12-10,441.6320495605469,443.3299865722656,449.6199951171875,441.6000061035156,444.3900146484375,18469500,424.156000773112,420.4772223578559,75.15757792923,6.099576070819353,3.4832966499377913,426.8700012207031,448.35196250258826,405.38803993881794,444.84999593098956,946836729257.4829,2237431700,423.18017093325483
2024-12-11,447.2704162597656,448.989990234375,450.3500061035156,444.04998779296875,444.04998779296875,19200200,424.7240000406901,421.075444539388,80.94974410794157,6.794972138665571,4.145631747683347,428.16800079345705,451.7112728231319,404.62472876378223,447.7966613769531,955434514715.2527,2256631900,423.3896164967147
2024-12-12,447.83819580078125,449.55999755859375,456.1600036621094,449.1099853515625,449.1099853515625,20834800,425.2916666666667,421.6304446750217,85.23141663198983,7.307833207557792,4.778072039658237,429.38600006103513,454.7340821015681,404.03791802050216,451.60999552408856,964843718649.9979,2277466700,423.6477831487055
2024-12-13,445.5569763183594,447.2699890136719,451.42999267578125,445.5799865722656,448.44000244140625,20177800,426.6556660970052,422.17311130099824,80.13137805395954,7.443688540484629,5.311195339823516,430.4049987792969,456.94130935380196,403.8686882047918,448.09332275390625,973885256097.8617,2297644500,423.8624626646384
2024-12-16,449.86041259765625,451.5899963378906,452.17999267578125,445.2799987792969,447.2699890136719,23598800,428.0296661376953,422.7164445665148,81.08413734064459,7.809915513336705,5.8109393745261535,432.23449859619143,459.33813475688487,405.130862435498,449.68332926432294,984497243048.5046,2321243300,424.12496916997225
2024-12-17,452.7194519042969,454.4599914550781,455.2900085449219,449.57000732421875,451.010009765625,22733500,429.56299947102866,423.25466681586374,78.50526383593211,8.23678907106381,6.296109313833686,434.16949768066405,461.8407368396753,406.4982585216528,453.10666910807294,994797943510.673,2343976800,424.4060536395552
2024-12-18,435.71484375,437.3900146484375,452.6499938964844,437.0199890136719,451.32000732421875,24444500,430.427333577474,423.5944447835287,62.3077131744124,7.115660072501896,6.460019465567329,435.14949798583984,461.7456554726732,408.5533404990065,442.35333251953125,1005611049547.4467,2368421300,424.591287684943
2024-12-19,435.356201171875,437.0299987792969,443.17999267578125,436.32000732421875,441.6199951171875,22963700,430.98900044759114,423.8502224392361,61.62014379164219,6.127473294067443,6.393510231267352,436.22649841308595,461.1633893130932,411.2896075130787,438.8433329264323,1015688516191.7694,2391385000,424.7281454854695
2024-12-20,434.9278869628906,436.6000061035156,443.739990234375,428.6300048828125,433.1099853515625,64263700,431.3613342285156,424.0695560031467,55.47757939033836,5.249122718091314,6.164632728632145,437.41299896240236,459.7983235609566,415.0276743638481,436.3233337402344,1043728268014.2517,2455648700,425.03158860396104
2024-12-23,433.5830383300781,435.25,437.6499938964844,432.8299865722656,436.739990234375,19152500,431.7850006103516,424.2275560167101,53.86228147886005,4.39344445551518,5.810395074008753,438.3254989624023,458.59511849218313,418.0558794326215,435.2433268229167,1052064265831.2277,2474801200,425.1106173017969
2024-12-24,437.64739990234375,439.3299865722656,439.6000061035156,434.19000244140625,434.6499938964844,7164500,432.49566650390625,424.4593336317274,51.89896001097153,3.998442529569161,5.448004565120835,439.35249786376954,457.41584886767293,421.28914685986615,437.7066650390625,1055200215232.9,2481965700,425.1469773465846
2024-12-26,436.43206787109375,438.1099853515625,440.94000244140625,436.6300048828125,439.0799865722656,8194200,432.9983327229818,424.6435557047526,45.13063052970505,3.5460797548308847,5.067619603062845,439.8584976196289,457.13134596752593,422.5856492717319,438.55999755859375,1058793863564.8947,2490159900,425.1911146609078
2024-12-27,428.881103515625,430.5299987792969,435.2200012207031,426.3500061035156,434.6000061035156,18117700,433.1759989420573,424.7072224934896,37.684156157388706,2.546582016666264,4.563412085783528,440.235498046875,456.2407629076356,424.23023318611445,430.7000020345052,1066597156991.7552,2508277600,425.23090625684944
2024-12-30,423.2029113769531,424.8299865722656,427.54998779296875,421.8999938964844,426.05999755859375,13158700,433.1073313395182,424.71488884819877,31.14433037843098,1.27977703701157,3.9066850760291367,440.3039978027344,456.0160026568951,424.59199294857365,424.75998942057294,1072186446264.5437,2521436300,425.2284486681435
2024-12-31,419.88568115234375,421.5,426.7300109863281,420.6600036621094,426.1000061035156,13246500,433.3239980061849,424.7810000949436,30.79360220813497,0.0070417048846707075,3.1267564018002436,439.82999725341796,457.20983300668,422.4501615001559,422.9633382161458,1077789230124.2239,2534682800,425.21661097957656
2025-01-02,416.97686767578125,418.5799865722656,426.07000732421875,414.8500061035156,425.5299987792969,16896500,433.4179972330729,424.80088873969186,21.889438231661657,-1.223131398052658,2.2567788418296635,439.19899597167966,458.6866538258534,419.71133811750593,419.8333333333333,1084882944040.8905,2551579300,425.1809630376334
2025-01-03,421.7286071777344,423.3500061035156,424.0299987792969,419.5400085449219,421.0799865722656,16662900,433.60333048502605,424.91044447157117,27.51759511676937,-1.79248903577502,1.4469252663087269,438.49549560546876,459.2295473672735,417.76144384366404,422.3066711425781,1091919797871.4722,2568242200,425.16231446997955
2025-01-06,426.21136474609375,427.8500061035156,434.32000732421875,425.4800109863281,428.0,20573600,434.0153310139974,425.0661112467448,33.9504273469783,-1.8591653726142,0.7857071385241415,437.75699615478516,458.9202045894423,416.59378772012803,429.2166748046875,1100750330052.234,2588815800,425.1945349113807
2025-01-07,420.7523498535156,422.3699951171875,430.6499938964844,420.79998779296875,429.0,18139100,434.3319976806641,425.19688890245226,26.30554696296663,-2.3273694716384625,0.16309181649162072,436.6969955444336,458.7396970916706,414.6542939971966,424.6066589355469,1108452312699.3315,2606954900,425.19044449113085
2025-01-08,422.9339599609375,424.55999755859375,426.9700012207031,421.5400085449219,423.4599914550781,15054600,434.58399759928386,425.3240000406901,25.483774590342378,-2.4929722664696214,-0.36812100010062776,435.6239959716797,457.8444002308565,413.4035917125029,424.35666910807294,1114840832610.086,2622009500,425.1856572640511
2025-01-10,417.345458984375,418.95001220703125,424.7099914550781,415.0199890136719,424.6300048828125,20201100,434.5893310546875,425.3441111246745,31.3812649753,-3.0418283045221415,-0.9028624609849306,434.40499725341795,457.5030287110797,411.3069657957562,419.55999755859375,1123316406076.7668,2642210600,425.14264611487323
2025-01-13,415.5921936035156,417.19000244140625,418.5,412.2900085449219,415.239990234375,17604800,434.2293314615885,425.4302222357856,30.5184690632029,-3.5775786483508227,-1.4378056984581091,432.8149978637695,456.0632579536513,409.5667377738877,415.9933369954427,1130639885575.9043,2659815400,425.08208862009906
2025-01-14,414.0780334472656,415.6700134277344,419.739990234375,410.7200012207031,417.80999755859375,16935900,433.98533223470054,425.5054446750217,29.878880267376417,-4.077808626533965,-1.9658062840732804,431.12049865722656,454.1692639491713,408.07173336528183,415.3766682942708,1137674663292.4692,2676751300,425.02068208296726
2025-01-15,424.67724609375,426.30999755859375,428.1499938964844,418.2699890136719,419.1300048828125,19637800,434.08033243815106,425.70455559624565,42.70799003125438,-3.5744822841697896,-2.2875414840925825,430.07249908447267,451.90335764946434,408.241640519481,424.2433268229167,1146005868895.9524,2696389100,425.01502060513167
2025-01-16,422.953857421875,424.5799865722656,429.489990234375,424.3900146484375,428.70001220703125,15300000,433.86699829101565,425.95877753363715,37.48940038536523,-3.277410017304703,-2.485515190735007,428.7219985961914,448.1586612200015,409.2853359723813,426.15333048502606,1152526014852.3733,2711689100,425.0214432223714
2025-01-17,427.3868408203125,429.0299987792969,434.4800109863281,428.1700134277344,434.0899963378906,26197500,433.79466451009114,426.2177775065104,42.6986304395305,-2.6523249596010032,-2.518877144508206,427.4504989624023,442.66676219830475,412.2342357264999,430.5600077311198,1163805610654.9092,2737886600,425.07443904174454
2025-01-21,426.85888671875,428.5,430.8999938964844,425.6000061035156,430.20001220703125,26085700,433.49733072916666,426.3766662597656,48.15889944151705,-2.174639133713299,-2.450029542349225,427.0059982299805,441.50206324913455,412.50993321082643,428.3333333333333,1174978985488.2424,2763972300,425.10519569542805
2025-01-22,444.4910888671875,446.20001220703125,447.2699890136719,436.0,437.55999755859375,27803800,433.6166646321615,426.6339996337891,65.91688839973506,-0.3636348589245131,-2.032750605664283,427.46449890136716,443.7634860068875,411.16551179584684,443.1566670735677,1187300424828.2224,2791776100,425.28497354362423
2025-01-23,444.9991149902344,446.7099914550781,446.75,441.5,442.0,18389300,433.72133076985676,426.8529995388455,69.60035799177246,1.1000692263972383,-1.4061866392519786,427.9699981689453,445.997413313471,409.94258302441966,444.9866638183594,1195483418085.1772,2810165400,425.4138984435497
2025-01-24,442.3592834472656,444.05999755859375,446.6499938964844,441.3999938964844,445.1600036621094,15549500,433.65599772135414,427.00266621907554,69.893822288027,2.0229140054750587,-0.7203665103065712,428.410498046875,447.5812016312327,409.23979446251724,444.0366617838542,1202387966157.5852,2825714900,425.5163768140888
2025-01-27,432.8956604003906,434.55999755859375,435.20001220703125,423.5,424.010009765625,35647800,433.36366475423176,427.03844401041664,58.1503513493724,1.965052632895322,-0.18328268166619255,428.17199859619143,446.88390803458566,409.4600891577972,431.086669921875,1217755257549.6262,2861362700,425.58577336233054
2025-01-28,445.4872741699219,447.20001220703125,448.3800048828125,431.3800048828125,434.6000061035156,23491700,433.303998819987,427.17233310275606,62.579641907525115,2.9056461433376057,0.4345030833345671,428.62649993896486,448.74360016559,408.5093997123397,442.32000732421875,1228146106465.6846,2884854400,425.722042147321
2025-01-29,440.6358947753906,442.3299865722656,446.8800048828125,440.3999938964844,446.69000244140625,23581400,433.06299845377606,427.30033298068577,63.079938836868585,3.2209735308727545,0.9917971728422047,429.2164993286133,450.2403676177574,408.1926310394692,443.2033284505208,1238597461435.2078,2908435800,425.8637792297866
2025-01-30,413.4006042480469,414.989990234375,422.8599853515625,413.1600036621094,418.7699890136719,54586300,431.98699849446615,427.03699951171876,45.28338779068403,1.2503502829745798,1.0435077948686797,428.72449951171876,450.6229504071201,406.82604861631745,417.0033264160156,1261360130111.9502,2963022100,425.70054746198156
2025-01-31,413.4703369140625,415.05999755859375,420.69000244140625,414.9100036621094,418.9800109863281,34223400,430.7693318684896,426.81244405110675,47.97205022305093,-0.3022496863296169,0.7743562986290204,428.4024993896484,450.9286327932114,405.87636598608543,416.8866678873698,1275627409301.7268,2997245500,425.599908082847
2025-02-03,409.3462219238281,410.9200134277344,415.4100036621094,408.6600036621094,411.6000061035156,25679100,429.3179992675781,426.5614440917969,46.81046471228747,-1.8454848671768787,0.25038806546784065,428.0195007324219,451.48951993712745,404.5494815277163,411.66334025065106,1286198553382.3574,3022924600,425.4815199103403
2025-02-04,410.7906494140625,412.3699951171875,413.9200134277344,409.739990234375,412.69000244140625,20532100,428.48399861653644,426.37477722167966,48.3200884394556,-2.9178730380019715,-0.38326415522612184,427.47050018310546,451.8947046180413,403.0462957481696,412.00999959309894,1294657983895.003,3043456700,425.39063686859845
2025-02-05,411.7071228027344,413.2900085449219,413.8299865722656,410.3999938964844,412.3500061035156,16316700,427.692665608724,426.1656663682726,42.64407654012854,-3.6514197013875673,-1.036895264458411,426.7425003051758,451.9737091033851,401.5112915069665,412.5066630045573,1301388731363.2495,3059773400,425.3219311479894
2025-02-06,414.2274475097656,415.82000732421875,418.20001220703125,414.0,414.0,16309800,426.9999989827474,425.9935553656684,45.095197395378214,-3.9827008632256593,-1.6260563842118607,426.41500091552734,452.0519518264176,400.77805000463707,416.0066731770833,1308173717001.433,3076083200,425.2725404180983
2025-02-07,408.1806945800781,409.75,418.6499938964844,408.1000061035156,416.4800109863281,22886800,426.1499989827474,425.79055548773874,39.397274564515364,-4.681081835107989,-2.2370614743910866,425.6745010375977,452.3707154891722,398.97828658602316,412.1666666666667,1317606893068.0999,3098970000,425.1757497065476
2025-02-10,410.6412048339844,412.2200012207031,415.4599914550781,410.9200134277344,413.7099914550781,20817900,425.246332804362,425.58966674804685,41.23411802866865,-4.977863617864443,-2.785221903085758,425.33800048828124,452.5556709350517,398.1203300415108,412.8666687011719,1326201910090.454,3119787900,425.0936129633858
2025-02-11,409.86419677734375,411.44000244140625,412.489990234375,409.29998779296875,409.6400146484375,18140600,424.3573333740234,425.4868889702691,27.113504972267336,-5.215879291958117,-3.27135338086023,425.0505004882813,452.74780751734977,397.3531934592128,411.07666015625,1333659087351.6846,3137928500,425.0125799079503
2025-02-12,407.473388671875,409.0400085449219,410.75,404.3699951171875,407.2099914550781,19121700,423.64100036621096,425.3970001220703,25.799836413583478,-5.534371093409675,-3.723956923370119,424.7190002441406,453.0406986235023,396.3973018647789,408.05333455403644,1341461760799.0264,3157050200,424.9098607298124
2025-02-13,408.9676513671875,410.5400085449219,411.0,406.3599853515625,407.0,23891700,423.1646677652995,425.33033345540366,28.14294543890098,-5.601173831374183,-4.099400304970932,423.93050079345704,452.93555026732463,394.92545131958946,409.2999979654948,1351240633560.4185,3180941900,424.7926167907746
2025-02-14,406.86572265625,408.42999267578125,408.9100036621094,405.8800048828125,407.7900085449219,22758500,422.7290008544922,425.2455556233724,31.144472397220696,-5.758001472259252,-4.431120538428597,423.1230010986328,452.9397892208639,393.30621297640175,407.74000040690106,1360520184359.679,3203700400,424.67147813187495
2025-02-18,408.07110595703125,409.6400146484375,410.6000061035156,406.5,408.0,21423100,422.4310017903646,425.24666680230035,17.542371719204752,-5.718727911347571,-4.688642013012392,422.1535018920898,452.41914607275544,391.8878577114242,408.91334025065106,1369280375739.2026,3225123500,424.56680363998544
2025-02-19,413.1814270019531,414.7699890136719,415.489990234375,407.6499938964844,407.8800048828125,24114200,422.14500122070314,425.2473334418403,26.290433694097487,-5.21355861470181,-4.793625333350276,421.4670013427734,451.749378875949,391.18462380959784,412.63665771484375,1379230778630.67,3249237700,424.4782641265888
2025-02-20,415.3674621582031,416.1300048828125,419.30999755859375,412.5400085449219,415.2900085449219,23508700,421.75433451334635,425.2325558132595,51.77351295714627,-4.649865636433049,-4.76487339396683,419.9635009765625,447.97630927194825,391.95069268117675,415.9933369954427,1389010241192.0947,3272746400,424.41731543638537
2025-02-21,407.4619445800781,408.2099914550781,418.04998779296875,407.8900146484375,417.3399963378906,27524800,421.28233439127604,425.1477779812283,41.43535565284613,-4.78703185981459,-4.769305087136383,418.0385009765625,443.4863445165767,392.59065743654827,411.3833312988281,1400333485109.4287,3300271200,424.3086098831601
2025-02-24,403.2596740722656,404.0,409.3699951171875,399.32000732421875,408.510009765625,26443700,420.5970011393229,425.0108890109592,41.36294486042751,-5.17578497871159,-4.850601065451425,416.03550109863284,439.04939426664635,393.0216079306193,404.23000081380206,1411022821981.9487,3326714900,424.1490071727964
2025-02-25,397.17083740234375,397.8999938964844,401.9200134277344,396.70001220703125,401.1000061035156,29387400,419.8953338623047,424.77488878038196,33.81795545435371,-5.907990502017242,-5.062078952764589,414.20250091552737,436.84074723506967,391.56425459598506,398.8400065104167,1422743692789.273,3356102300,423.92739124468073
2025-02-26,398.99749755859375,399.7300109863281,403.6000061035156,394.25,398.010009765625,19619000,419.31333414713544,424.56366678873695,35.1381182946033,-6.268344001690593,-5.30333196254979,411.82900085449216,429.25418284728,394.40381886170434,399.19333902994794,1430575466907.7014,3375721300,423.783642004955
2025-02-27,391.8106994628906,392.5299987792969,405.739990234375,392.1700134277344,401.2699890136719,21127400,418.54200032552086,424.30155571831597,26.844326584360147,-7.0535980706372925,-5.65338518416729,409.33900146484376,421.99156523809603,396.6864376915915,396.81333414713544,1438959100943.5615,3396848700,423.61589462125926
2025-02-28,396.26251220703125,396.989990234375,397.6300048828125,386.57000732421875,392.6600036621094,32845700,417.5646667480469,424.08233337402345,36.894006073417636,-7.232659939399696,-5.969240135213772,408.4390014648437,421.9319189985871,394.94608393110036,393.73000081380206,1451891438431.2915,3429694400,423.32968162740434
2025-03-03,387.778076171875,388.489990234375,398.82000732421875,386.1600036621094,398.82000732421875,23007700,416.3616668701172,423.7526665581597,28.312933449877534,-7.968589780288767,-6.369110064228771,407.1105010986328,422.8959481426892,391.32505405457647,391.1566670735677,1460891053680.32,3452702100,423.11529097176384
2025-03-04,387.8978576660156,388.6099853515625,392.5799865722656,381.0,383.3999938964844,29342900,415.0143330891927,423.41744418674045,28.880669319613887,-8.444790588955641,-6.784246169174145,405.99499969482423,423.68517798908147,388.304821400567,387.3966573079427,1472258395056.0413,3482045000,422.81429305366277
2025-03-05,400.2851257324219,401.0199890136719,401.6700134277344,388.80999755859375,389.3399963378906,23433100,414.09833272298175,423.12311062282987,43.74023400282023,-7.73167365872348,-6.973731667084013,405.42749938964846,422.98429727001576,387.87070150928116,397.1666666666667,1481565241272.708,3505478100,422.64284614207344
2025-03-06,396.1627197265625,396.8900146484375,402.1499938964844,392.67999267578125,394.2799987792969,23304600,412.4546661376953,422.81522182888455,39.76609150509839,-7.414310216495096,-7.06184737696623,404.60749969482424,422.15003192880823,387.06496746084025,397.24000040690106,1490822760586.1907,3528782700,422.47508201232984
2025-03-07,392.5892639160156,393.30999755859375,394.79998779296875,385.5400085449219,392.32000732421875,22034100,410.67466634114584,422.46611056857637,38.90845984809274,-7.366755490104254,-7.122828999593835,403.481999206543,420.8834224804758,386.08057593261015,391.21666463216144,1499442867696.3623,3550816800,422.2811122489795
2025-03-10,379.46337890625,380.1600036621094,386.3999938964844,377.2200012207031,385.8399963378906,32840100,408.54466654459634,421.9328884548611,31.59799704120482,-8.294548246183126,-7.357172848911694,402.00249938964845,421.9982595974483,382.0067391818486,381.25999959309894,1511963484208.9995,3583656900,421.90520086032774
2025-03-11,379.7528381347656,380.45001220703125,386.0,376.9100036621094,379.0,30380200,406.7410003662109,421.42022196451825,27.19907092960969,-8.903792051536755,-7.666496689436706,400.4139999389648,421.9782992606142,378.8497006173154,381.12000528971356,1523541986193.7021,3614037100,421.5623536885391
2025-03-12,382.5676574707031,383.2699890136719,385.2200012207031,378.95001220703125,382.95001220703125,24253600,404.60999959309896,420.87933281792533,28.584452980774174,-9.05469668880221,-7.944136689309808,399.0054992675781,421.2079513439014,376.8030471912548,382.48000081380206,1532818503141.4397,3638290700,421.30182262276065
2025-03-13,378.0758972167969,378.7699890136719,385.32000732421875,377.45001220703125,383.1600036621094,20473000,402.4913330078125,420.2819993760851,29.918139601497813,-9.428713750035229,-8.241052101454892,397.49199829101565,420.9080430203282,374.0759535617031,380.5133361816406,1540608752673.0864,3658763700,421.07358632455174
2025-03-14,387.84796142578125,388.55999755859375,390.2300109863281,379.510009765625,379.7799987792969,19952800,401.61033325195314,420.0843326144748,40.21298080271129,-8.83332798815809,-8.359507278795531,396.3929977416992,419.2879615063837,373.49803397701476,386.1000061035156,1548312528874.8687,3678716500,420.88389493315634
2025-03-17,387.98773193359375,388.70001220703125,392.7099914550781,385.57000732421875,386.70001220703125,22474300,400.73166707356773,419.8435550265842,43.69173066693786,-8.25502369577896,-8.338610562192217,395.40649871826173,417.8127063187091,373.00029111781436,388.9933369954427,1557054881828.5054,3701190800,420.6902496970719
2025-03-18,382.81719970703125,383.5199890136719,387.3699951171875,381.1000061035156,387.07000732421875,19486900,399.8183329264323,419.5664438883463,39.37326745667442,-8.121083166510232,-8.295105083055821,394.1004974365234,416.0538667291991,372.14712814384774,383.9966634114583,1564537786408.738,3720677700,420.49806851282443
2025-03-19,387.1093444824219,387.82000732421875,389.67999267578125,384.0,385.5299987792969,19185500,399.0,419.3037773980035,46.79024818764249,-7.580574645398428,-8.152198995524342,392.7529983520508,412.5688139867119,372.93718271738965,387.1666666666667,1571965772492.0713,3739863200,420.3270784054538
2025-03-20,386.131103515625,386.8399963378906,391.7900085449219,383.2799987792969,385.739990234375,18470500,398.1183329264323,418.93333299424916,42.73859827077357,-7.148888507876563,-7.951536897994787,391.2884979248047,407.9001617881697,374.67683406143965,387.30333455403644,1579119458732.9517,3758333700,420.16478173105054
2025-03-21,390.54302978515625,391.260009765625,391.739990234375,382.79998779296875,383.2200012207031,39675900,397.29966634114584,418.5536665174696,52.10455634779898,-6.376610394410534,-7.636551597277937,390.44099884033204,405.02324335593727,375.8587543247268,388.59999593098956,1594537513311.51,3798009600,419.8350402567466
2025-03-24,392.35968017578125,393.0799865722656,395.3999938964844,389.80999755859375,395.3999938964844,21004500,396.74399922688804,418.22633293999564,53.31061957743734,-5.553697934676279,-7.219980864757606,389.89499816894534,403.0915225991412,376.6984737387495,392.76332600911456,1602787310592.6685,3819014100,419.68614637811066
2025-03-25,394.4358825683594,395.1600036621094,396.3599853515625,392.6400146484375,393.9200134277344,15775000,396.1753326416016,417.9724439832899,44.8758483323691,-4.679748656382117,-6.711934423082508,389.75799865722655,402.6581754805393,376.8578218339138,394.7200012207031,1609014018611.925,3834789100,419.583444266055
2025-03-26,389.2554016113281,389.9700012207031,395.30999755859375,388.57000732421875,395.0,16108400,395.4596659342448,417.60511067708336,44.059062749061916,-4.355717380607018,-6.24069101458741,389.26999816894534,401.29024595962534,377.24975037826533,391.28333536783856,1615316967091.3643,3850897500,419.4650642068152
2025-03-27,389.8642578125,390.5799865722656,392.239990234375,387.3999938964844,390.1300048828125,13766800,394.8443318684896,417.22044372558594,47.53029806928318,-4.003549117916634,-5.793262635253256,389.17249755859376,401.1127746757726,377.23222044141494,390.0733235677083,1620687028522.256,3864664300,419.36036424231105
2025-03-28,378.1058349609375,378.79998779296875,389.1300048828125,376.92999267578125,388.0799865722656,21632000,393.7863311767578,416.68611009385853,48.73839101753654,-4.621724323354783,-5.558954972873561,388.26299743652345,400.46429582668657,376.06169904636033,381.6199951171875,1628942232256.631,3886296300,419.1502928525113
2025-03-31,374.7021179199219,375.3900146484375,377.07000732421875,367.239990234375,372.5400085449219,35184700,392.68499857584635,416.2459991455078,45.56296402545021,-5.325401053408768,-5.512244188980603,387.6079986572266,401.0965683488074,374.11942896564574,373.23333740234375,1642074335263.1313,3921481000,418.7383121996846
2025-04-01,381.4896545410156,382.19000244140625,382.8500061035156,373.2300109863281,374.6499938964844,19689500,391.76999816894534,415.8729990641276,49.11476554757263,-5.273577231038644,-5.464510797392212,387.28699951171876,400.9791953693881,373.59480365404943,379.42333984375,1649544991112.9849,3941170500,418.54190046154685
2025-04-02,381.43975830078125,382.1400146484375,385.0799865722656,376.6199951171875,377.9700012207031,16092600,390.6823323567708,415.4768880208333,52.97968571491789,-5.176864405190145,-5.406981518951798,386.343000793457,398.5739869919628,374.11201459495123,381.2799987792969,1655680777621.3406,3957263100,418.3903712698154
2025-04-03,372.42626953125,373.1099853515625,377.4800109863281,369.3500061035156,374.7900085449219,30198000,389.2483317057292,415.00599907769094,36.153431269582875,-5.762440859843707,-5.47807338713018,385.1539993286133,397.68761365047374,372.6203850067528,373.31333414713544,1666954093685.9158,3987461100,418.04899204807685
2025-04-04,359.18060302734375,359.8399963378906,374.5899963378906,359.4800109863281,364.1300048828125,49209900,387.63599853515626,414.4167768690321,29.062673936213315,-7.214131611904065,-5.825285032084957,383.4804992675781,399.7961421266945,367.16485640846173,364.6366678873698,1684897827648.9863,4036671000,417.39785770229633
2025-04-07,357.2042236328125,357.8599853515625,371.0,344.7900085449219,350.8800048828125,50425000,386.097998046875,413.7596655951606,30.477782116941015,-8.427233429528485,-6.345674711573663,382.3654983520508,402.28624374328814,362.44475296081345,357.8833312988281,1702944094629.7297,4087096000,416.66359063494707
2025-04-08,353.9102783203125,354.55999755859375,373.6499938964844,350.25,368.260009765625,35868900,384.65333150227866,413.0459988064236,24.304677980934983,-9.544879367795488,-6.9855156428180285,381.0709976196289,404.5608996146979,357.58109562455985,359.4866638183594,1715838485825.564,4122964900,416.1661637782956
2025-04-09,389.7744140625,390.489990234375,393.2300109863281,353.1000061035156,353.5400085449219,50199700,384.3453308105469,412.62933213975697,51.831040252787446,-7.445544098936182,-7.077521334041659,381.43199768066404,405.2833312750664,357.58066408626166,378.94000244140625,1734861160266.1218,4173164600,415.71836401231855
2025-04-10,380.65118408203125,381.3500061035156,383.8999938964844,367.79998779296875,382.05999755859375,38024400,383.97266438802086,412.1666656494141,45.25337150932469,-6.445031792189752,-6.951023425671278,381.5609985351563,405.3795965347552,357.74240053555735,377.68332926432294,1749222342251.4001,4211189000,415.37493146268196
2025-04-11,387.7381896972656,388.45001220703125,390.04998779296875,378.8900146484375,380.6400146484375,23839200,383.68799845377606,411.77766587999133,47.88913268209474,-5.021324719761026,-6.5650836844892275,381.5554992675781,405.3673431488251,357.7436553863311,385.7966715494792,1758419426263.8025,4235028200,415.20843385737135
2025-04-14,387.0993347167969,387.80999755859375,394.6499938964844,384.2099914550781,393.2200012207031,19251200,383.66533203125,411.2979990641276,46.60444908880047,-3.8997169316108966,-6.032010333913561,381.51099853515626,405.26989114312084,357.7521059271917,388.88999430338544,1765906025322.1357,4254279400,415.0893392949546
2025-04-15,385.0231628417969,385.7300109863281,391.8900146484375,384.1600036621094,388.510009765625,17199900,383.5693328857422,410.792776828342,47.98326061017776,-3.1424480272112305,-5.4540978725730955,381.6214996337891,405.44021610793214,357.802783159646,387.260009765625,1772566858764.1035,4271479300,414.97727936176665
2025-04-16,370.92901611328125,371.6099853515625,381.6099853515625,368.0,380.6700134277344,21967800,382.58899943033856,410.0615542941623,42.00454972606719,-3.6397186168256894,-5.091222021423614,380.8109985351563,404.8438450878767,356.7781519824359,373.739990234375,1780777104121.5742,4293447100,414.7662851422053
2025-04-17,367.1060485839844,367.7799987792969,374.32000732421875,366.8900146484375,373.75,20943700,381.61866556803386,409.22999877929686,45.02168739544734,-4.293365801156483,-4.931650777370188,379.8579986572266,404.3906325774885,355.3253647369647,369.66334025065106,1788519222220.7817,4314390800,414.547338229254
2025-04-21,358.4619140625,359.1199951171875,364.4800109863281,355.6700134277344,362.82000732421875,20807300,380.478998819987,408.29166531032985,42.98282560202001,-5.447381798379865,-5.034796981572124,378.25099792480466,403.82729455805503,352.6747012915543,359.7566731770833,1796004787246.5793,4335198100,414.28436390175096
2025-04-22,366.1478271484375,366.82000732421875,367.7699890136719,359.8599853515625,363.3800048828125,19485000,380.0343322753906,407.4116655137804,43.42206930203229,-5.675200972870016,-5.162877779831702,376.93799896240233,401.9999740443586,351.87602388044604,364.81666056315106,1803113239877.6523,4354683100,414.0630209986238
2025-04-23,373.7039489746094,374.3900146484375,380.3900146484375,373.0199890136719,376.05999755859375,20545500,379.83233235677085,406.64566582573786,46.8837966555591,-5.185141895990228,-5.167330603063408,375.8994995117188,399.4584668418594,352.34053218157817,375.93333943684894,1810836978303.0522,4375228600,413.88396901205397
2025-04-24,386.59027099609375,387.29998779296875,388.45001220703125,375.19000244140625,375.70001220703125,22232300,379.96666564941404,405.96022135416666,55.53302838756355,-3.7122471331047677,-4.87631390907168,375.76599884033203,399.0175030996298,352.5144945810343,383.64666748046875,1819366326108.4783,4397460900,413.73109789526
2025-04-25,391.1319580078125,391.8500061035156,392.1600036621094,384.6000061035156,387.0,18973200,380.4026662190755,405.318999226888,63.392187745779985,-2.1530005205086695,-4.331651231359078,375.82949981689455,399.25761854389464,352.40138108989447,389.5366719563802,1826757083292.841,4416434100,413.6271575506676
2025-04-28,390.4432067871094,391.1600036621094,392.739990234375,386.6400146484375,391.9599914550781,16579400,380.4893330891927,404.695554945204,64.0839189505588,-0.9618758704044694,-3.657696159168156,376.44750061035154,400.83786367007065,352.05713755063243,390.1800028483073,1833226033632.0642,4433013500,413.53946556491746
2025-04-29,393.31793212890625,394.0400085449219,395.1000061035156,390.3800048828125,391.29998779296875,14974000,380.6673329671224,404.0561106363932,66.75721767812043,0.21204697568964548,-2.8837475321965957,377.38000030517577,402.9954296342248,351.7645709761267,393.17333984375,1839113411222.8845,4447987500,413.4709036891144
2025-04-30,394.53570556640625,395.260009765625,396.6600036621094,384.44000244140625,390.29998779296875,36461100,381.0586669921875,403.39833306206594,52.87039233935213,1.226692642221849,-2.061659497312907,378.0335006713867,404.8063498672737,351.26065147549974,392.12000528971356,1853410537947.7534,4484448600,413.29730882582834
2025-05-01,424.6204528808594,425.3999938964844,436.989990234375,424.8999938964844,431.1099853515625,58938100,382.31133321126305,403.2651106092665,71.15956212314802,4.411992765844445,-0.7669290446814365,380.1964996337891,414.34133307199846,346.0516661955797,429.09665934244794,1878700679765.7446,4543386700,413.5022624787242
2025-05-02,434.48236083984375,435.2799987792969,439.44000244140625,429.989990234375,431.739990234375,30757400,383.9259999593099,403.24566616482207,71.90978541181873,7.645467693626756,0.915550302980202,383.3050003051758,425.1784902353911,341.43151037496045,434.90333048502606,1892077175462.8047,4574144100,413.6461672606258
2025-05-05,435.3707275390625,436.1700134277344,439.5,432.1099853515625,432.8699951171875,20136100,385.4230000813802,403.2408884684245,72.57281753928439,10.162687478589362,2.764977738102034,387.12150115966796,433.6457181264366,340.59728419289934,435.9266662597656,1900855038407.2778,4594280200,413.7438196319149
2025-05-06,432.5159606933594,433.30999755859375,437.7300109863281,431.1700134277344,432.20001220703125,15104200,386.7640004475912,403.2193328857422,72.04817532410415,11.790904705411094,4.570163131563846,390.89400177001954,439.61208185894185,342.17592168109724,434.07000732421875,1907411318611.9043,4609384400,413.8104252298646
2025-05-07,432.555908203125,433.3500061035156,438.1199951171875,431.1099853515625,433.8399963378906,23295300,388.03700052897136,403.1528886583116,82.90342989205655,12.935395753308967,6.24320965591287,394.8335021972656,443.92172133377227,345.74528306075894,434.1933288574219,1917525982465.6367,4632679700,413.9129200893463
2025-05-08,437.3670654296875,438.1700134277344,443.6700134277344,435.6600036621094,437.92999267578125,23491300,389.64366760253904,403.1535556369358,87.12159642789088,14.0691668650947,7.808401097749237,397.2175033569336,449.91599200866847,344.51901470519874,439.1666768391927,1927842578621.2693,4656171000,414.04033026735254
2025-05-09,437.9260559082031,438.7300109863281,440.739990234375,435.8800048828125,440.0,15324200,391.24866841634116,403.24466688368057,95.90587456864164,14.841788859172539,9.215078650033899,400.08650360107424,455.33381061220774,344.83919658994074,438.4500020345052,1934561474142.4465,4671495200,414.1204028514139
2025-05-12,448.4367370605469,449.260009765625,449.3699951171875,439.7799987792969,445.94000244140625,22821900,393.5973358154297,403.516111585829,96.03527276990697,16.11798218895899,10.595659357818917,403.1270034790039,462.2361646058444,344.0178423521634,446.1366678873698,1944743160563.3052,4694317100,414.27605317998336
2025-05-13,448.3169860839844,449.1400146484375,450.6700134277344,445.3599853515625,447.7799987792969,23618800,396.055669148763,403.82322285970054,95.52928221817254,16.92459578911331,11.861446644077796,406.1935043334961,468.24697769150066,344.1400309754915,448.39000447591144,1955333594401.0208,4717935900,414.4468334978906
2025-05-14,452.1099853515625,452.94000244140625,453.8999938964844,448.1400146484375,448.1400146484375,19902800,398.41400248209635,404.2050008138021,94.97120945383686,17.666818054324494,13.022520926127136,409.55400390625,474.1680495812439,344.93995823125607,451.6600036621094,1964322893121.907,4737838700,414.6031592679394
2025-05-15,453.1300048828125,453.1300048828125,456.19000244140625,450.42999267578125,450.7699890136719,21992300,400.78033548990885,404.5358896891276,94.65168747200963,18.062156855108356,14.03044811192338,413.6300048828125,478.4503629676003,348.8096467980247,453.25,1974290903096.907,4759831000,414.78172294287486
2025-05-16,454.2699890136719,454.2699890136719,454.3599853515625,448.7300109863281,452.04998779296875,23849800,403.4856689453125,404.829445054796,95.68552096376685,18.256997591459367,14.875758007830578,417.9545043945312,481.42158452367755,354.4874242653849,452.4533284505208,1985081824489.7861,4783680800,414.96954071220347
2025-05-19,458.8699951171875,458.8699951171875,459.5899963378906,450.79998779296875,450.8800048828125,21336500,406.7866689046224,405.23500061035156,95.79035085941956,18.56854569125744,15.614315544515952,422.94200439453124,482.4989802283581,363.38502856070437,456.4199930826823,1994820229672.1948,4805017300,415.1535998990461
2025-05-20,458.1700134277344,458.1700134277344,458.3399963378906,454.32000732421875,455.5899963378906,15441800,410.1303365071615,405.6084452311198,94.76306638518861,18.545189729362164,16.200490381485196,427.509504699707,482.8029827471415,372.2160266522725,456.94333902994794,2001876257324.8274,4820459100,415.28746864065863
2025-05-21,452.57000732421875,452.57000732421875,457.7799987792969,451.80999755859375,454.57000732421875,19216900,413.3973368326823,405.98200073242185,79.7069832717265,17.86882557170668,16.534157419529492,431.4185043334961,481.7296298165437,381.1073788504485,454.05333455403644,2010601754849.619,4839676000,415.44139625248033
2025-05-22,454.8599853515625,454.8599853515625,460.25,453.8999938964844,454.95001220703125,18025600,415.5430033365885,406.4005560980903,75.66858248431113,17.317953603397598,16.690916656303113,434.79650421142577,481.5840110168918,388.00899740595975,456.33665974934894,2018827496943.5967,4857701600,415.5931473731521
2025-05-23,450.17999267578125,450.17999267578125,453.69000244140625,448.9100036621094,449.9800109863281,16883500,417.83733622233075,406.78400031195747,66.7064057858993,16.315670410746748,16.61586740719184,437.71300354003904,480.31326773001285,395.1127393500652,450.9266662597656,2026440717313.3936,4874585100,415.71552773043055
2025-05-27,460.69000244140625,460.69000244140625,460.95001220703125,456.1199951171875,456.4800109863281,20974300,420.2453358968099,407.16600036621094,77.61196969659665,16.18287757261436,16.529269440276344,441.1895034790039,478.856343739875,403.52266321813283,459.2533365885417,2036073234571.0027,4895559400,415.9020590314975
2025-05-28,457.3599853515625,457.3599853515625,462.5199890136719,456.92999267578125,461.2200012207031,17086300,422.5636688232422,407.5302225748698,72.70663450399233,15.628774953547406,16.34917054293056,444.3555023193359,475.39773230126593,413.3132723374059,458.93665568033856,2043914763950.9536,4912645700,416.0517343945552
2025-05-29,458.67999267578125,458.67999267578125,461.7200012207031,455.30999755859375,461.54998779296875,13974800,424.9953348795573,407.8596669514974,70.77171759629857,15.12184300203893,16.103705034752235,447.52650146484376,468.90486792282906,426.14813500685847,458.5699971516927,2050323187947.1492,4926620500,416.1723412524162
2025-05-30,460.3599853515625,460.3599853515625,461.67999267578125,455.5400085449219,459.7200012207031,34770500,427.95366821289065,408.213666788737,71.42007488870958,14.68636190873093,15.820236409547975,449.27450103759764,468.6593570113108,429.8896450638845,459.1933288574219,2066289569588.186,4961391000,416.4738416279197
2025-06-02,461.9700012207031,461.9700012207031,462.1099853515625,456.8900146484375,457.1400146484375,16626500,431.0933349609375,408.3888888888889,65.28746517492374,14.30624138463213,15.517437404564808,450.60900115966797,469.608346662263,431.60965565707295,460.3233337402344,2073943135496.6182,4978017500,416.62029824053815
2025-06-03,462.9700012207031,462.9700012207031,464.1400146484375,460.8599853515625,461.4700012207031,15743800,434.5550018310547,408.5695556640625,66.28974386071613,13.925164149117279,15.198982753475303,451.9490005493164,470.43387262155824,433.46412847707455,462.6566670735677,2081227109531.691,4993761300,416.7654368124666
2025-06-04,463.8699951171875,463.8699951171875,465.69000244140625,463.0199890136719,464.0,14162700,437.7900014241537,408.7896667480469,63.81794696498541,13.539702419027549,14.867126686585753,453.4770004272461,470.4663584598742,436.487642394618,464.1933288574219,2087801340390.2998,5007924000,416.8995656464235
2025-06-05,467.67999267578125,467.67999267578125,469.6499938964844,464.0299987792969,464.9599914550781,20131700,440.89966735839846,409.15766669379343,66.85197307496003,13.38733531415528,14.57116841209966,455.19349975585936,470.4715097503841,439.91548976133464,467.1199951171875,2097205259996.0005,5028055700,417.1006419033903
2025-06-06,470.3800048828125,470.3800048828125,473.3399963378906,468.7799987792969,470.0899963378906,15285600,443.66900126139325,409.41522216796875,68.00806160551213,13.330782740652126,14.323091277810153,456.80399932861326,471.29675776240447,442.31124089482205,470.8333333333333,2104402229996.0005,5043341300,417.2634975142373
2025-06-09,472.75,472.75,473.42999267578125,468.6199951171875,469.70001220703125,16469900,446.36566772460935,409.7532223171658,66.32941750919119,13.323616856336685,14.12319639351546,458.5049987792969,472.018564077185,444.9914334814088,471.59999593098956,2112169434768.9844,5059811200,417.44036512053736
2025-06-10,470.9200134277344,470.9200134277344,472.79998779296875,466.9599914550781,471.19000244140625,15375900,449.0243347167969,410.37466701931424,64.61150420936889,13.020184635152816,13.902594041842931,459.58799896240237,473.44921408694637,445.72678383785836,470.22666422526044,2119399592935.4456,5075187100,417.60028766928525
2025-06-11,472.6199951171875,472.6199951171875,475.4700012207031,469.6600036621094,470.0199890136719,16399200,451.64366760253904,411.01422254774303,75.23281858738801,12.769685740390742,13.676012381552495,460.76199798583986,474.87239113844413,446.6516048332356,472.5833333333333,2127149581535.4456,5091586300,417.77737942602397
2025-06-12,478.8699951171875,478.8699951171875,480.4200134277344,473.5199890136719,475.0199890136719,18950600,454.4306671142578,411.76922234429253,77.47769332105831,12.926477936911738,13.526105492624344,462.0584976196289,477.8121130487997,446.3048821904581,477.60333251953125,2136200451248.6902,5110536900,417.99922259610145
2025-06-13,474.9599914550781,474.9599914550781,479.17999267578125,472.760009765625,476.4100036621094,16814500,456.0826670328776,412.46466674804685,78.8676503107573,12.590101412001616,13.3389046764998,463.1499969482422,479.31845904108116,446.9815348554032,475.6333312988281,2144197987897.8145,5127351400,418.1882263614338
2025-06-16,479.1400146484375,479.1400146484375,480.69000244140625,475.0,475.2099914550781,15626100,457.54466756184894,413.1963334825304,75.21180468097103,12.516530755066526,13.174429892213146,464.3934982299805,481.48545544602547,447.3015410139355,478.27667236328125,2151671587007.8303,5142977500,418.370795323882
2025-06-17,478.0400085449219,478.0400085449219,478.739990234375,474.0799865722656,475.3999938964844,15414100,458.9403340657552,413.8876668294271,80.0931514003352,12.228501625220815,12.98524423881468,465.3519989013672,483.2698520587458,447.4341457439886,476.9533284505208,2159023393307.8994,5158391600,418.5458493123902
2025-06-18,480.239990234375,480.239990234375,481.0,474.4599914550781,478.0,17526500,460.5046671549479,414.67088894314236,80.59024337861898,12.03897874800208,12.795991140652161,466.4554977416992,485.20987755397954,447.7011179294189,478.56666056315106,2167410991884.2595,5175918100,418.7490895352961
2025-06-20,477.3999938964844,477.3999938964844,483.4599914550781,476.8699951171875,482.2300109863281,37576200,461.97300008138023,415.3951110839844,73.40660906892028,11.526743409859364,12.542141594493602,467.6969970703125,485.8591373364336,449.53485680419135,479.2433268229167,2185419134981.6228,5213494300,419.18510105240216
2025-06-23,486.0,486.0,487.75,472.510009765625,478.2099914550781,24864000,463.5673329671224,416.2235555013021,77.69072086639288,11.680100900656385,12.36973345572616,469.2539978027344,488.108436795526,450.39955880994273,482.086669921875,2197405737942.5603,5238358300,419.4836649380323
2025-06-24,490.1099853515625,490.1099853515625,491.8500061035156,486.79998779296875,488.95001220703125,22305600,465.2799987792969,417.1243330213759,79.18279778776946,11.995008297266963,12.294788424034321,471.25049743652346,490.0570540229388,452.4439408501081,489.58665974934894,2208326262140.2656,5260663900,419.78090676735036
2025-06-25,492.2699890136719,492.2699890136719,494.55999755859375,489.3900146484375,492.0400085449219,17495100,466.7136647542318,418.0324439154731,79.73199982875389,12.277343349739567,12.291299409175371,472.8294967651367,493.14511898603325,452.51387454424014,492.0733337402344,2216935134321.3843,5278159000,420.0205288096445
2025-06-26,497.45001220703125,497.45001220703125,498.0400085449219,492.80999755859375,492.9800109863281,21578900,468.3239980061849,419.0215552435981,80.29718763743158,12.771854504853764,12.38741042831105,474.83399810791013,496.5835045228376,453.0844916929827,496.1000061035156,2227640426743.0913,5299737900,420.3303010028272
2025-06-27,495.94000244140625,495.94000244140625,499.29998779296875,493.0299987792969,497.54998779296875,34539200,469.7573313395182,419.9804439968533,76.6583189997059,12.893287200578811,12.488585782764602,476.6969985961914,498.9965902855341,454.3974069068487,496.0899963378906,2244774978344.605,5334277100,420.82084156156884
2025-06-30,497.4100036621094,497.4100036621094,500.760009765625,495.3299865722656,497.0400085449219,28369000,471.23333129882815,420.89866638183594,76.21173382500534,12.958759783774667,12.582620582966616,478.54949951171875,501.28614456555255,455.81285445788495,497.8333333333333,2258898012177.9385,5362646100,421.22824629019215
2025-07-01,492.04998779296875,492.04998779296875,498.04998779296875,490.9800109863281,496.4700012207031,19945400,472.49266459147134,421.74222174750435,70.89179212336889,12.434798179523455,12.553056102277985,480.05349884033205,502.1426937463684,457.9643039342957,493.6933288574219,2268744923099.331,5382591500,421.4967684431061
2025-07-02,491.0899963378906,491.0899963378906,493.5,488.70001220703125,489.989990234375,16319600,473.56666463216146,422.6631106906467,68.5329957601246,11.805999334425564,12.403644748707501,481.4594985961914,502.52631563106655,460.39268156131624,491.09666951497394,2276759424307.1475,5398911100,421.7071520787122
2025-07-03,498.8399963378906,498.8399963378906,500.1300048828125,493.44000244140625,493.80999755859375,13984800,474.9223307291667,423.7168884277344,69.45254500194116,11.797042981891025,12.282324395344206,483.20799865722654,503.9299535779676,462.4860437364855,497.4700012207031,2283716442780.2188,5412895900,421.9028935657563
2025-07-07,497.7200012207031,497.7200012207031,498.75,495.2300109863281,497.3800048828125,13970600,476.4273305257162,424.8259996202257,73.44457298058545,11.566242320478466,12.139107980371058,484.70999908447266,505.04408437947166,464.37591378947366,497.23333740234375,2290663090843.732,5426866500,422.0968197474052
